{
  "backprop" : true,
  "backpropType" : "Standard",
  "cacheMode" : "NONE",
  "defaultConfiguration" : {
    "cacheMode" : "NONE",
    "epochCount" : 0,
    "iterationCount" : 0,
    "l1ByParam" : { },
    "l2ByParam" : { },
    "layer" : null,
    "maxNumLineSearchIterations" : 5,
    "miniBatch" : true,
    "minimize" : true,
    "optimizationAlgo" : "STOCHASTIC_GRADIENT_DESCENT",
    "pretrain" : false,
    "seed" : 1529691248800,
    "stepFunction" : null,
    "variables" : [ "embeddingEncoder_W", "encoder_W", "encoder_RW", "encoder_b", "decoder_W", "decoder_RW", "decoder_b", "output_W", "output_b" ]
  },
  "epochCount" : 498,
  "inferenceWorkspaceMode" : "ENABLED",
  "iterationCount" : 996,
  "networkInputs" : [ "inputLine", "decoderInput" ],
  "networkOutputs" : [ "output" ],
  "pretrain" : false,
  "tbpttBackLength" : 25,
  "tbpttFwdLength" : 25,
  "topologicalOrder" : [ 0, 1, 2, 3, 4, 5, 6, 7, 8 ],
  "topologicalOrderStr" : [ "inputLine", "decoderInput", "embeddingEncoder", "encoder", "thoughtVector", "dup", "merge", "decoder", "output" ],
  "trainingWorkspaceMode" : "ENABLED",
  "vertexInputs" : {
    "embeddingEncoder" : [ "inputLine" ],
    "encoder" : [ "embeddingEncoder" ],
    "thoughtVector" : [ "encoder" ],
    "dup" : [ "thoughtVector" ],
    "merge" : [ "decoderInput", "dup" ],
    "decoder" : [ "merge" ],
    "output" : [ "decoder" ]
  },
  "vertices" : {
    "embeddingEncoder" : {
      "@class" : "org.deeplearning4j.nn.conf.graph.LayerVertex",
      "layerConf" : {
        "cacheMode" : "NONE",
        "epochCount" : 0,
        "iterationCount" : 0,
        "l1ByParam" : {
          "W" : 0.0
        },
        "l2ByParam" : {
          "W" : 0.0
        },
        "layer" : {
          "@class" : "org.deeplearning4j.nn.conf.layers.EmbeddingLayer",
          "activationFn" : {
            "@class" : "org.nd4j.linalg.activations.impl.ActivationSigmoid"
          },
          "biasInit" : 0.0,
          "biasUpdater" : null,
          "constraints" : null,
          "dist" : null,
          "gradientNormalization" : "RenormalizeL2PerLayer",
          "gradientNormalizationThreshold" : 1.0,
          "hasBias" : false,
          "idropout" : null,
          "iupdater" : {
            "@class" : "org.nd4j.linalg.learning.config.RmsProp",
            "epsilon" : 1.0E-8,
            "learningRate" : 0.1,
            "rmsDecay" : 0.95
          },
          "l1" : 0.0,
          "l1Bias" : 0.0,
          "l2" : 0.0,
          "l2Bias" : 0.0,
          "layerName" : "embeddingEncoder",
          "nin" : 89,
          "nout" : 128,
          "weightInit" : "XAVIER",
          "weightNoise" : null
        },
        "maxNumLineSearchIterations" : 5,
        "miniBatch" : true,
        "minimize" : true,
        "optimizationAlgo" : "STOCHASTIC_GRADIENT_DESCENT",
        "pretrain" : false,
        "seed" : 1529691248800,
        "stepFunction" : null,
        "variables" : [ "W" ]
      },
      "outputVertex" : false,
      "preProcessor" : {
        "@class" : "org.deeplearning4j.nn.conf.preprocessor.RnnToFeedForwardPreProcessor"
      }
    },
    "encoder" : {
      "@class" : "org.deeplearning4j.nn.conf.graph.LayerVertex",
      "layerConf" : {
        "cacheMode" : "NONE",
        "epochCount" : 0,
        "iterationCount" : 0,
        "l1ByParam" : {
          "b" : 0.0,
          "RW" : 0.0,
          "W" : 0.0
        },
        "l2ByParam" : {
          "b" : 0.0,
          "RW" : 0.0,
          "W" : 0.0
        },
        "layer" : {
          "@class" : "org.deeplearning4j.nn.conf.layers.LSTM",
          "activationFn" : {
            "@class" : "org.nd4j.linalg.activations.impl.ActivationTanH"
          },
          "biasInit" : 0.0,
          "biasUpdater" : null,
          "constraints" : null,
          "dist" : null,
          "distRecurrent" : null,
          "forgetGateBiasInit" : 1.0,
          "gateActivationFn" : {
            "@class" : "org.nd4j.linalg.activations.impl.ActivationSigmoid"
          },
          "gradientNormalization" : "RenormalizeL2PerLayer",
          "gradientNormalizationThreshold" : 1.0,
          "idropout" : null,
          "iupdater" : {
            "@class" : "org.nd4j.linalg.learning.config.RmsProp",
            "epsilon" : 1.0E-8,
            "learningRate" : 0.1,
            "rmsDecay" : 0.95
          },
          "l1" : 0.0,
          "l1Bias" : 0.0,
          "l2" : 0.0,
          "l2Bias" : 0.0,
          "layerName" : "encoder",
          "nin" : 128,
          "nout" : 16,
          "weightInit" : "XAVIER",
          "weightInitRecurrent" : null,
          "weightNoise" : null
        },
        "maxNumLineSearchIterations" : 5,
        "miniBatch" : true,
        "minimize" : true,
        "optimizationAlgo" : "STOCHASTIC_GRADIENT_DESCENT",
        "pretrain" : false,
        "seed" : 1529691248800,
        "stepFunction" : null,
        "variables" : [ "W", "RW", "b" ]
      },
      "outputVertex" : false,
      "preProcessor" : {
        "@class" : "org.deeplearning4j.nn.conf.preprocessor.FeedForwardToRnnPreProcessor"
      }
    },
    "thoughtVector" : {
      "@class" : "org.deeplearning4j.nn.conf.graph.rnn.LastTimeStepVertex",
      "maskArrayInputName" : "inputLine"
    },
    "dup" : {
      "@class" : "org.deeplearning4j.nn.conf.graph.rnn.DuplicateToTimeSeriesVertex",
      "inputName" : "decoderInput"
    },
    "merge" : {
      "@class" : "org.deeplearning4j.nn.conf.graph.MergeVertex"
    },
    "decoder" : {
      "@class" : "org.deeplearning4j.nn.conf.graph.LayerVertex",
      "layerConf" : {
        "cacheMode" : "NONE",
        "epochCount" : 0,
        "iterationCount" : 0,
        "l1ByParam" : {
          "b" : 0.0,
          "RW" : 0.0,
          "W" : 0.0
        },
        "l2ByParam" : {
          "b" : 0.0,
          "RW" : 0.0,
          "W" : 0.0
        },
        "layer" : {
          "@class" : "org.deeplearning4j.nn.conf.layers.LSTM",
          "activationFn" : {
            "@class" : "org.nd4j.linalg.activations.impl.ActivationTanH"
          },
          "biasInit" : 0.0,
          "biasUpdater" : null,
          "constraints" : null,
          "dist" : null,
          "distRecurrent" : null,
          "forgetGateBiasInit" : 1.0,
          "gateActivationFn" : {
            "@class" : "org.nd4j.linalg.activations.impl.ActivationSigmoid"
          },
          "gradientNormalization" : "RenormalizeL2PerLayer",
          "gradientNormalizationThreshold" : 1.0,
          "idropout" : null,
          "iupdater" : {
            "@class" : "org.nd4j.linalg.learning.config.RmsProp",
            "epsilon" : 1.0E-8,
            "learningRate" : 0.1,
            "rmsDecay" : 0.95
          },
          "l1" : 0.0,
          "l1Bias" : 0.0,
          "l2" : 0.0,
          "l2Bias" : 0.0,
          "layerName" : "decoder",
          "nin" : 105,
          "nout" : 16,
          "weightInit" : "XAVIER",
          "weightInitRecurrent" : null,
          "weightNoise" : null
        },
        "maxNumLineSearchIterations" : 5,
        "miniBatch" : true,
        "minimize" : true,
        "optimizationAlgo" : "STOCHASTIC_GRADIENT_DESCENT",
        "pretrain" : false,
        "seed" : 1529691248800,
        "stepFunction" : null,
        "variables" : [ "W", "RW", "b" ]
      },
      "outputVertex" : false,
      "preProcessor" : null
    },
    "output" : {
      "@class" : "org.deeplearning4j.nn.conf.graph.LayerVertex",
      "layerConf" : {
        "cacheMode" : "NONE",
        "epochCount" : 0,
        "iterationCount" : 0,
        "l1ByParam" : {
          "b" : 0.0,
          "W" : 0.0
        },
        "l2ByParam" : {
          "b" : 0.0,
          "W" : 0.0
        },
        "layer" : {
          "@class" : "org.deeplearning4j.nn.conf.layers.RnnOutputLayer",
          "activationFn" : {
            "@class" : "org.nd4j.linalg.activations.impl.ActivationSoftmax"
          },
          "biasInit" : 0.0,
          "biasUpdater" : null,
          "constraints" : null,
          "dist" : null,
          "gradientNormalization" : "RenormalizeL2PerLayer",
          "gradientNormalizationThreshold" : 1.0,
          "hasBias" : true,
          "idropout" : null,
          "iupdater" : {
            "@class" : "org.nd4j.linalg.learning.config.RmsProp",
            "epsilon" : 1.0E-8,
            "learningRate" : 0.1,
            "rmsDecay" : 0.95
          },
          "l1" : 0.0,
          "l1Bias" : 0.0,
          "l2" : 0.0,
          "l2Bias" : 0.0,
          "layerName" : "output",
          "lossFn" : {
            "@class" : "org.nd4j.linalg.lossfunctions.impl.LossMCXENT",
            "softmaxClipEps" : 1.0E-10,
            "configProperties" : false
          },
          "nin" : 16,
          "nout" : 89,
          "weightInit" : "XAVIER",
          "weightNoise" : null
        },
        "maxNumLineSearchIterations" : 5,
        "miniBatch" : true,
        "minimize" : true,
        "optimizationAlgo" : "STOCHASTIC_GRADIENT_DESCENT",
        "pretrain" : false,
        "seed" : 1529691248800,
        "stepFunction" : null,
        "variables" : [ "W", "b" ]
      },
      "outputVertex" : false,
      "preProcessor" : null
    }
  }
}